date,sentiment_score
2024-01-09,100.0
2024-01-11,0.0
2024-01-17,-100.0
2024-01-18,0.0
2024-01-19,0.0
2024-01-20,0.0
2024-01-21,0.0
2024-01-22,100.0
2024-01-24,0.0
2024-01-26,-100.0
2024-01-27,0.0
2024-01-28,0.0
2024-02-03,0.0
2024-02-06,100.0
2024-02-07,0.0
2024-02-08,0.0
2024-02-09,0.0
2024-02-11,0.0
2024-02-12,0.0
2024-02-13,-100.0
2024-02-14,0.0
2024-02-15,0.0
2024-02-16,100.0
2024-02-17,100.0
2024-02-18,0.0
2024-02-19,-100.0
2024-02-20,-100.0
2024-02-21,-100.0
2024-02-22,50.0
2024-02-23,0.0
2024-02-24,100.0
2024-02-25,100.0
2024-02-26,100.0
2024-02-27,0.0
2024-02-28,0.0
2024-03-01,0.0
2024-03-03,0.0
2024-03-05,100.0
2024-03-06,100.0
2024-03-07,0.0
2024-03-08,0.0
2024-03-09,100.0
2024-03-10,100.0
2024-03-11,-100.0
2024-03-12,100.0
2024-03-13,0.0
2024-03-14,100.0
2024-03-15,0.0
2024-03-19,100.0
2024-03-20,0.0
2024-03-21,0.0
2024-03-22,0.0
2024-03-23,100.0
2024-03-24,0.0
2024-03-26,0.0
2024-03-27,0.0
2024-03-28,-100.0
2024-03-29,0.0
2024-03-30,100.0
2024-04-03,0.0
2024-04-07,0.0
2024-04-09,0.0
2024-04-10,0.0
2024-04-11,100.0
2024-04-12,-100.0
2024-04-13,0.0
2024-04-21,0.0
2024-04-25,0.0
2024-04-29,0.0
2024-04-30,0.0
2024-05-01,0.0
2024-05-02,100.0
2024-05-03,-100.0
2024-05-14,0.0
2024-05-16,0.0
2024-05-17,0.0
2024-05-19,100.0
2024-05-21,0.0
2024-05-22,100.0
2024-05-23,-33.33333333333333
2024-05-24,0.0
2024-05-25,100.0
2024-05-26,100.0
2024-05-27,-100.0
2024-05-28,100.0
2024-05-29,0.0
2024-05-30,-100.0
2024-05-31,-100.0
2024-06-01,0.0
2024-06-02,100.0
2024-06-03,0.0
2024-06-04,-100.0
2024-06-05,100.0
2024-06-06,20.0
2024-06-07,33.33333333333333
2024-06-08,100.0
2024-06-09,0.0
2024-06-10,-33.33333333333333
2024-06-11,100.0
2024-06-12,-100.0
2024-06-13,0.0
2024-06-14,-100.0
2024-06-16,100.0
2024-06-17,33.33333333333333
2024-06-18,100.0
2024-06-19,0.0
2024-06-20,-100.0
2024-06-21,0.0
2024-06-23,0.0
2024-06-24,-100.0
2024-06-25,-100.0
2024-06-26,33.33333333333333
2024-06-27,100.0
2024-06-28,100.0
2024-06-29,0.0
2024-06-30,-100.0
2024-07-01,100.0
2024-07-02,100.0
2024-07-03,100.0
2024-07-04,0.0
2024-07-05,100.0
2024-07-06,0.0
2024-07-07,100.0
2024-07-08,0.0
2024-07-09,0.0
2024-07-10,50.0
2024-07-11,0.0
2024-07-12,100.0
2024-07-15,-100.0
2024-07-16,100.0
2024-07-17,-100.0
2024-07-18,100.0
2024-07-19,0.0
2024-07-20,0.0
2024-07-21,0.0
2024-07-22,100.0
2024-07-23,0.0
2024-07-25,-100.0
2024-07-26,0.0
2024-07-29,100.0
2024-07-30,0.0
2024-08-01,100.0
2024-08-02,0.0
2024-08-03,-100.0
2024-08-04,-100.0
2024-08-05,50.0
2024-08-06,0.0
2024-08-07,100.0
2024-08-08,-100.0
2024-08-09,100.0
2024-08-10,0.0
2024-08-11,100.0
2024-08-12,0.0
2024-08-13,0.0
2024-08-14,100.0
2024-08-15,100.0
2024-08-16,-33.33333333333333
2024-08-17,-100.0
2024-08-19,33.33333333333333
2024-08-20,66.66666666666666
2024-08-21,-100.0
2024-08-22,-100.0
2024-08-23,100.0
2024-08-24,0.0
2024-08-25,-100.0
2024-08-26,0.0
2024-08-27,100.0
2024-08-28,100.0
2024-08-29,-100.0
2024-08-30,100.0
2024-08-31,0.0
2024-09-01,100.0
2024-09-02,0.0
2024-09-03,-100.0
2024-09-04,-100.0
2024-09-05,0.0
2024-09-06,100.0
2024-09-07,0.0
2024-09-09,0.0
2024-09-10,0.0
2024-09-11,100.0
2024-09-12,33.33333333333333
2024-09-13,0.0
2024-09-14,0.0
2024-09-16,0.0
2024-09-18,0.0
2024-09-20,0.0
2024-09-21,0.0
2024-09-23,-100.0
2024-09-24,0.0
2024-09-25,-33.33333333333333
2024-09-26,100.0
2024-09-27,-100.0
2024-09-28,100.0
2024-09-30,0.0
2024-10-01,100.0
2024-10-02,100.0
2024-10-03,0.0
2024-10-04,0.0
2024-10-05,0.0
2024-10-06,100.0
2024-10-07,-100.0
2024-10-08,0.0
2024-10-09,100.0
2024-10-10,100.0
2024-10-11,-100.0
2024-10-12,100.0
2024-10-14,100.0
2024-10-15,-100.0
2024-10-16,100.0
2024-10-17,-100.0
2024-10-18,0.0
2024-10-22,0.0
2024-10-23,-100.0
2024-10-24,100.0
2024-10-25,-33.33333333333333
2024-10-26,100.0
2024-10-27,100.0
2024-10-28,100.0
2024-10-29,100.0
2024-10-30,100.0
2024-10-31,0.0
2024-11-01,100.0
2024-11-02,0.0
2024-11-03,0.0
2024-11-04,100.0
2024-11-05,0.0
2024-11-06,100.0
2024-11-07,100.0
2024-11-08,-100.0
2024-11-09,100.0
2024-11-10,0.0
2024-11-11,75.0
2024-11-12,100.0
2024-11-13,33.33333333333333
2024-11-14,0.0
2024-11-15,33.33333333333333
2024-11-16,100.0
2024-11-17,0.0
2024-11-18,20.0
2024-11-19,100.0
2024-11-20,33.33333333333333
2024-11-21,60.0
2024-11-22,100.0
2024-11-23,100.0
2024-11-24,100.0
2024-11-25,100.0
2024-11-26,100.0
2024-11-27,-50.0
2024-11-28,100.0
2024-11-29,60.0
2024-11-30,0.0
2024-12-01,0.0
2024-12-02,0.0
2024-12-03,100.0
2024-12-04,100.0
2024-12-05,100.0
2024-12-06,100.0
2024-12-07,33.33333333333333
2024-12-08,100.0
2024-12-09,-33.33333333333333
2024-12-10,0.0
2024-12-11,100.0
2024-12-12,60.0
2024-12-13,33.33333333333333
2024-12-14,0.0
2024-12-15,0.0
2024-12-16,42.857142857142854
2024-12-17,-33.33333333333333
2024-12-18,33.33333333333333
2024-12-19,33.33333333333333
2024-12-20,33.33333333333333
2024-12-21,100.0
2024-12-22,100.0
2024-12-23,100.0
2024-12-24,100.0
2024-12-25,100.0
2024-12-26,-50.0
2024-12-27,20.0
2024-12-28,0.0
2024-12-29,100.0
2024-12-30,100.0
